state,year,deal_reg,buy_reg,high_risk,bkgrnd_chk,ammo_reg,poss_reg,conceal_reg,assault_mag,child_acc,gun_traff,stnd_grnd,pre_empt,immunity_,dom_viol
Alabama,1999,6,1,1,0,0,0,3,0,0,0,1,1,1,0
Alaska,1999,0,1,1,0,0,1,3,0,0,0,1,0,0,0
Arizona,1999,0,0,4,0,0,1,4,0,0,0,1,0,0,0
Arkansas,1999,0,0,3,0,0,3,5,0,0,0,1,0,0,0
California,1999,12,8,7,11,3,4,6,4,4,5,1,2,0,2
Colorado,1999,1,0,1,0,0,1,2,0,0,0,1,3,1,0
Connecticut,1999,11,5,3,10,0,6,4,4,5,2,1,3,1,6
Delaware,1999,2,1,5,0,1,1,3,0,4,2,1,0,0,2
Florida,1999,1,1,1,0,0,8,3,0,3,2,1,0,1,1
Georgia,1999,2,0,1,0,0,4,3,0,0,0,1,0,0,0
Hawaii,1999,8,15,7,0,1,5,3,0,5,0,1,3,1,6
Idaho,1999,0,0,0,0,0,0,3,0,0,0,1,2,0,0
Illinois,1999,4,5,6,7,3,7,7,0,0,0,1,3,1,4
Indiana,1999,1,0,0,0,0,2,4,0,0,0,1,0,1,0
Iowa,1999,0,4,1,3,2,2,3,0,2,0,1,0,1,0
Kansas,1999,0,0,1,0,0,1,7,0,0,0,1,3,1,0
Kentucky,1999,0,0,1,0,0,1,3,0,0,0,1,0,0,0
Louisiana,1999,0,1,0,0,0,3,4,0,0,0,1,0,0,0
Maine,1999,1,0,2,0,0,1,2,0,0,0,1,0,0,1
Maryland,1999,6,6,4,6,2,3,5,1,6,0,1,0,1,3
Massachusetts,1999,13,10,7,7,6,9,5,4,11,5,1,3,1,6
Michigan,1999,4,6,1,3,0,1,7,0,0,0,1,0,1,0
Minnesota,1999,2,1,6,0,0,3,6,0,6,0,1,0,1,5
Mississippi,1999,0,0,1,0,0,4,3,0,0,0,1,0,1,0
Missouri,1999,0,3,1,3,0,1,7,0,0,0,1,0,1,0
Montana,1999,0,0,0,0,0,1,2,0,0,0,1,0,0,1
Nebraska,1999,0,3,1,2,0,3,7,0,0,1,1,3,1,0
Nevada,1999,0,0,1,0,0,2,3,0,0,0,1,0,0,0
New Hampshire,1999,1,0,0,0,0,0,1,0,0,0,1,3,1,0
New Jersey,1999,7,7,4,5,0,6,7,5,4,0,1,3,1,0
New Mexico,1999,0,0,1,0,0,1,7,0,0,0,1,0,1,0
New York,1999,4,5,8,0,1,5,6,0,0,0,1,3,1,3
North Carolina,1999,1,2,1,4,0,3,3,0,4,0,1,0,1,0
North Dakota,1999,0,0,4,0,0,2,3,0,0,2,1,0,1,0
Ohio,1999,0,3,2,0,0,1,7,0,0,2,1,3,1,1
Oklahoma,1999,0,1,1,0,0,2,4,0,0,0,1,0,0,1
Oregon,1999,3,2,4,0,0,1,4,0,0,0,1,0,1,0
Pennsylvania,1999,8,3,4,6,0,1,5,0,0,0,1,0,0,1
Rhode Island,1999,7,9,5,9,2,3,3,0,3,0,1,0,1,0
South Carolina,1999,3,2,1,0,0,6,4,0,0,0,1,0,1,0
South Dakota,1999,0,0,1,0,0,1,2,0,0,0,1,0,0,0
Tennessee,1999,3,1,0,0,0,5,3,0,0,0,1,0,0,1
Texas,1999,0,1,1,0,0,5,3,0,4,0,1,0,0,0
Utah,1999,0,0,3,0,0,3,3,0,0,2,0,0,1,1
Vermont,1999,1,0,0,0,0,0,0,0,0,0,1,0,1,0
Virginia,1999,1,2,3,0,0,1,4,0,0,2,1,0,1,0
Washington,1999,5,0,4,0,1,2,4,0,0,0,1,0,0,4
West Virginia,1999,1,0,6,0,0,1,3,0,0,0,1,0,1,1
Wisconsin,1999,0,2,3,0,0,2,7,0,2,0,1,0,1,1
Wyoming,1999,0,0,0,0,0,3,4,0,0,0,1,0,1,0
Alabama,2000,5,0,1,0,0,0,3,0,0,0,1,0,0,0
Alaska,2000,0,1,1,0,0,1,3,0,0,0,1,0,0,0
Arizona,2000,0,0,4,0,0,1,4,0,0,0,1,0,0,2
Arkansas,2000,0,0,3,0,0,3,5,0,0,0,1,0,0,0
California,2000,12,8,7,11,3,4,6,7,4,5,1,2,0,4
Colorado,2000,1,0,1,0,0,1,2,0,0,2,1,3,0,0
Connecticut,2000,11,5,3,10,0,6,4,4,5,2,1,3,1,6
Delaware,2000,2,1,5,0,1,1,3,0,4,2,1,0,0,2
Florida,2000,1,1,1,0,0,8,3,0,3,2,1,0,1,1
Georgia,2000,2,0,1,0,0,4,3,0,0,0,1,0,0,0
Hawaii,2000,8,15,7,0,1,5,3,0,5,0,1,3,1,7
Idaho,2000,0,0,0,0,0,1,3,0,0,0,1,2,0,0
Illinois,2000,4,5,6,7,3,7,7,0,2,2,1,3,1,4
Indiana,2000,1,0,0,0,0,2,4,0,0,0,1,0,1,0
Iowa,2000,0,4,1,3,2,2,3,0,2,0,1,0,1,0
Kansas,2000,0,0,1,0,0,1,7,0,0,0,1,3,1,0
Kentucky,2000,0,0,1,0,0,1,3,0,0,0,1,0,0,0
Louisiana,2000,0,1,0,0,0,3,4,0,0,0,1,0,0,0
Maine,2000,1,0,2,0,0,1,2,0,0,0,1,0,0,1
Maryland,2000,6,6,4,6,2,3,5,1,7,2,1,0,1,3
Massachusetts,2000,13,10,7,7,6,9,5,4,11,5,1,3,1,6
Michigan,2000,4,6,1,3,0,1,7,0,1,0,1,0,0,0
Minnesota,2000,2,1,6,0,0,3,6,0,6,0,1,0,1,5
Mississippi,2000,0,0,1,0,0,4,3,0,0,0,1,0,1,0
Missouri,2000,0,3,1,3,0,1,7,0,0,0,1,0,1,0
Montana,2000,0,0,0,0,0,1,2,0,0,0,1,0,0,1
Nebraska,2000,0,3,1,2,0,3,7,0,0,1,1,3,1,0
Nevada,2000,0,0,1,0,0,2,3,0,0,0,1,0,0,0
New Hampshire,2000,1,0,0,0,0,0,1,0,3,0,1,3,1,1
New Jersey,2000,7,7,4,5,0,6,7,5,6,0,1,3,1,0
New Mexico,2000,0,0,1,0,0,1,7,0,0,0,1,0,1,0
New York,2000,4,7,8,4,2,6,6,4,2,3,1,3,1,3
North Carolina,2000,1,2,1,4,0,3,3,0,4,0,1,0,1,0
North Dakota,2000,0,0,4,0,0,2,3,0,0,2,1,0,1,0
Ohio,2000,0,3,2,0,0,1,7,0,0,2,1,3,1,1
Oklahoma,2000,0,1,1,0,0,2,4,0,0,0,1,0,0,1
Oregon,2000,4,2,4,6,0,1,4,0,0,0,1,0,1,0
Pennsylvania,2000,8,3,4,6,0,1,5,0,1,0,1,0,0,1
Rhode Island,2000,7,9,5,9,2,3,3,0,4,0,1,0,1,0
South Carolina,2000,3,2,1,0,0,6,4,0,0,0,1,0,0,0
South Dakota,2000,0,0,1,0,0,1,2,0,0,0,1,0,0,0
Tennessee,2000,3,1,0,0,0,5,3,0,0,0,1,0,0,1
Texas,2000,0,1,1,0,0,5,3,0,4,0,1,0,0,0
Utah,2000,0,0,3,0,0,3,3,0,0,2,0,0,0,1
Vermont,2000,1,0,0,0,0,0,0,0,0,0,1,0,1,0
Virginia,2000,1,2,3,0,0,1,4,0,0,2,1,0,0,0
Washington,2000,5,0,4,0,1,2,4,0,0,0,1,0,0,4
West Virginia,2000,1,0,6,0,0,1,3,0,0,0,1,0,1,4
Wisconsin,2000,0,2,3,0,0,2,7,0,2,0,1,0,1,1
Wyoming,2000,0,0,0,0,0,3,4,0,0,0,1,0,1,0
Alabama,2001,5,0,1,0,0,0,3,0,0,0,1,0,0,0
Alaska,2001,0,1,1,0,0,1,3,0,0,0,1,0,0,0
Arizona,2001,0,0,4,0,0,1,4,0,0,0,1,0,0,2
Arkansas,2001,0,0,3,0,0,3,5,0,0,0,1,0,0,0
California,2001,13,8,7,11,3,4,6,7,4,5,1,2,0,4
Colorado,2001,1,0,1,4,0,1,2,0,0,2,1,3,0,0
Connecticut,2001,11,5,3,10,0,6,4,4,5,2,1,3,1,6
Delaware,2001,2,1,5,0,1,1,3,0,4,2,1,0,0,2
Florida,2001,1,1,1,0,0,8,3,0,3,2,1,0,0,1
Georgia,2001,2,0,1,0,0,4,3,0,0,0,1,0,0,0
Hawaii,2001,8,15,7,0,1,5,3,0,5,0,1,3,1,7
Idaho,2001,0,0,0,0,0,1,3,0,0,0,1,2,0,0
Illinois,2001,4,5,6,7,3,7,7,0,2,2,1,3,1,4
Indiana,2001,1,0,0,0,0,2,4,0,0,0,1,0,0,0
Iowa,2001,0,4,1,3,2,2,3,0,2,0,1,0,1,0
Kansas,2001,0,0,1,0,0,1,7,0,0,0,1,3,1,0
Kentucky,2001,0,0,1,0,0,1,3,0,0,0,1,0,0,0
Louisiana,2001,0,1,0,0,0,3,4,0,0,0,1,0,0,0
Maine,2001,1,0,2,0,0,1,2,0,0,0,1,0,0,1
Maryland,2001,6,6,4,6,2,3,5,1,7,2,1,0,1,3
Massachusetts,2001,13,10,7,7,6,9,5,4,11,5,1,3,1,6
Michigan,2001,4,6,1,3,0,2,4,0,1,0,1,0,0,0
Minnesota,2001,2,1,6,0,0,3,6,0,6,0,1,0,1,5
Mississippi,2001,0,0,1,0,0,4,3,0,0,0,1,0,1,0
Missouri,2001,0,3,1,3,0,1,7,0,0,0,1,0,1,0
Montana,2001,0,0,0,0,0,1,2,0,0,0,1,0,0,1
Nebraska,2001,0,3,1,2,0,3,7,0,0,1,1,3,1,0
Nevada,2001,0,0,1,0,0,2,3,0,0,0,1,0,0,0
New Hampshire,2001,1,0,0,0,0,0,1,0,3,0,1,3,1,1
New Jersey,2001,7,8,4,5,0,7,7,5,6,0,1,3,1,0
New Mexico,2001,0,0,1,0,0,1,1,0,0,0,1,0,1,0
New York,2001,4,7,8,4,2,6,6,4,2,4,1,3,1,3
North Carolina,2001,1,2,1,4,0,3,3,0,4,0,1,0,1,0
North Dakota,2001,0,0,4,0,0,2,3,0,0,2,1,0,0,0
Ohio,2001,0,3,2,0,0,1,7,0,0,2,1,3,0,1
Oklahoma,2001,0,1,1,0,0,2,4,0,0,0,1,0,0,1
Oregon,2001,4,2,4,6,0,1,4,0,0,0,1,0,1,0
Pennsylvania,2001,8,3,4,6,0,1,5,0,1,0,1,0,0,1
Rhode Island,2001,7,9,5,9,2,3,3,0,4,0,1,0,1,0
South Carolina,2001,4,2,1,0,0,6,4,0,0,0,1,0,0,0
South Dakota,2001,0,0,1,0,0,1,2,0,0,0,1,0,0,0
Tennessee,2001,3,1,0,0,0,5,3,0,0,0,1,0,0,1
Texas,2001,0,1,1,0,0,5,3,0,4,0,1,0,0,2
Utah,2001,0,0,3,0,0,3,3,0,0,2,0,0,0,1
Vermont,2001,1,0,0,0,0,0,0,0,0,0,1,0,1,0
Virginia,2001,1,2,3,0,0,1,4,0,0,2,1,0,0,0
Washington,2001,5,0,4,0,1,2,4,0,0,0,1,0,0,4
West Virginia,2001,1,0,6,0,0,1,3,0,0,0,1,0,1,4
Wisconsin,2001,0,2,3,0,0,2,7,0,2,0,1,0,1,1
Wyoming,2001,0,0,0,0,0,3,4,0,0,0,1,0,1,0
Alabama,2002,5,0,1,0,0,0,3,0,0,0,1,0,0,0
Alaska,2002,0,1,1,0,0,1,3,0,0,0,1,0,0,0
Arizona,2002,0,0,4,0,0,1,4,0,0,0,1,0,0,2
Arkansas,2002,0,0,3,0,0,3,5,0,0,0,1,0,0,0
California,2002,13,8,7,11,3,4,6,7,7,5,1,2,1,7
Colorado,2002,1,0,1,4,0,1,2,0,0,2,1,3,0,0
Connecticut,2002,11,5,3,10,0,6,4,4,5,2,1,3,1,6
Delaware,2002,2,1,5,0,1,1,4,0,4,2,1,0,0,2
Florida,2002,1,1,1,0,0,8,3,0,3,2,1,0,0,1
Georgia,2002,2,0,1,0,0,4,3,0,0,0,1,0,0,0
Hawaii,2002,8,15,7,0,1,5,3,0,5,0,1,3,1,7
Idaho,2002,0,0,0,0,0,1,3,0,0,0,1,2,0,0
Illinois,2002,4,5,6,7,3,7,7,0,2,2,1,3,1,4
Indiana,2002,1,0,0,0,0,2,4,0,0,0,1,0,0,0
Iowa,2002,0,4,1,3,2,2,3,0,2,0,1,0,1,0
Kansas,2002,0,0,1,0,0,1,7,0,0,0,1,3,0,0
Kentucky,2002,0,0,1,0,0,1,3,0,0,0,1,0,0,0
Louisiana,2002,0,1,0,0,0,3,4,0,0,0,1,0,0,0
Maine,2002,1,0,2,0,0,1,2,0,0,0,1,0,0,1
Maryland,2002,6,7,4,6,2,3,5,1,7,2,1,0,1,3
Massachusetts,2002,13,10,7,7,6,9,5,4,11,5,1,3,1,6
Michigan,2002,4,6,1,3,0,2,4,0,1,0,1,0,0,0
Minnesota,2002,2,1,6,0,0,3,6,0,6,0,1,0,1,5
Mississippi,2002,0,0,1,0,0,4,3,0,0,0,1,0,1,0
Missouri,2002,0,3,1,3,0,1,7,0,0,0,1,0,1,0
Montana,2002,0,0,0,0,0,1,2,0,0,0,1,0,0,1
Nebraska,2002,0,3,1,2,0,3,7,0,0,1,1,3,1,0
Nevada,2002,0,0,1,0,0,2,3,0,0,0,1,0,0,0
New Hampshire,2002,1,0,0,0,0,0,1,0,3,0,1,3,1,1
New Jersey,2002,7,8,4,5,0,7,7,5,6,1,1,3,1,0
New Mexico,2002,0,0,1,0,0,1,1,0,0,0,1,0,1,0
New York,2002,4,7,8,4,2,6,6,4,2,3,1,3,1,3
North Carolina,2002,1,2,1,4,0,3,3,0,4,0,1,0,0,0
North Dakota,2002,0,0,4,0,0,2,3,0,0,2,1,0,0,0
Ohio,2002,0,3,2,0,0,1,7,0,0,2,1,3,0,1
Oklahoma,2002,0,1,1,0,0,2,4,0,0,0,1,0,0,1
Oregon,2002,4,2,4,6,0,1,4,0,0,0,1,0,1,0
Pennsylvania,2002,8,3,4,6,0,1,5,0,1,0,1,0,0,1
Rhode Island,2002,7,9,5,9,2,3,3,0,4,0,1,0,1,0
South Carolina,2002,4,2,1,0,0,6,4,0,0,0,1,0,0,0
South Dakota,2002,0,0,1,0,0,1,3,0,0,0,1,0,0,0
Tennessee,2002,3,1,0,0,0,5,3,0,0,0,1,0,0,1
Texas,2002,0,1,1,0,0,5,3,0,4,0,1,0,0,2
Utah,2002,0,0,3,0,0,2,3,0,0,2,0,0,0,1
Vermont,2002,1,0,0,0,0,0,0,0,0,0,1,0,1,0
Virginia,2002,1,2,3,0,0,1,4,0,0,2,1,0,0,0
Washington,2002,5,0,4,0,1,2,4,0,0,0,1,0,0,4
West Virginia,2002,1,0,6,0,0,1,3,0,0,0,1,0,1,4
Wisconsin,2002,0,2,3,0,0,2,7,0,2,0,1,0,1,1
Wyoming,2002,0,0,0,0,0,3,4,0,0,0,1,0,1,0
Alabama,2003,5,0,1,0,0,0,3,0,0,0,1,0,0,0
Alaska,2003,0,1,1,0,0,1,1,0,0,0,1,0,0,0
Arizona,2003,0,0,4,0,0,1,4,0,0,0,1,0,0,2
Arkansas,2003,0,0,3,0,0,3,5,0,0,0,1,0,0,0
California,2003,13,8,7,11,3,4,6,7,7,5,1,2,1,7
Colorado,2003,1,0,1,4,0,2,5,0,0,2,1,0,0,0
Connecticut,2003,11,5,3,10,0,6,4,4,5,2,1,3,1,6
Delaware,2003,2,1,5,0,1,1,4,0,4,2,1,0,0,2
Florida,2003,1,1,1,0,0,8,3,0,3,2,1,0,0,1
Georgia,2003,2,0,1,0,0,4,3,0,0,0,1,0,0,0
Hawaii,2003,8,15,7,0,1,5,3,0,5,0,1,3,1,7
Idaho,2003,0,0,0,0,0,1,3,0,0,0,1,2,0,0
Illinois,2003,4,5,6,7,3,7,7,0,2,2,1,3,1,4
Indiana,2003,1,0,0,0,0,2,4,0,0,0,1,0,0,1
Iowa,2003,0,4,1,3,2,2,3,0,2,0,1,0,1,0
Kansas,2003,0,0,1,0,0,1,7,0,0,0,1,3,0,0
Kentucky,2003,0,0,1,0,0,1,3,0,0,0,1,0,0,0
Louisiana,2003,0,1,0,0,0,3,4,0,0,0,1,0,0,0
Maine,2003,1,0,2,0,0,1,2,0,0,0,1,0,0,1
Maryland,2003,6,8,6,6,2,3,5,1,7,3,1,0,1,3
Massachusetts,2003,13,10,7,7,6,9,5,4,11,5,1,3,1,6
Michigan,2003,4,6,1,3,0,2,4,0,1,0,1,0,0,0
Minnesota,2003,2,1,6,0,0,3,5,0,6,0,1,0,1,5
Mississippi,2003,0,0,1,0,0,4,3,0,0,0,1,0,0,0
Missouri,2003,0,3,1,3,0,1,3,0,0,0,1,0,0,0
Montana,2003,0,0,0,0,0,1,2,0,0,0,1,0,0,1
Nebraska,2003,0,3,1,2,0,3,7,0,0,1,1,3,1,0
Nevada,2003,0,0,3,0,1,2,3,0,0,0,1,0,0,0
New Hampshire,2003,1,0,0,0,0,0,1,0,3,0,1,0,1,1
New Jersey,2003,7,8,4,5,0,7,7,5,6,1,1,3,1,0
New Mexico,2003,0,0,1,0,0,3,1,0,0,0,1,0,1,0
New York,2003,4,7,8,4,2,6,6,4,2,3,1,3,1,3
North Carolina,2003,1,2,1,4,0,3,3,0,4,0,1,0,0,1
North Dakota,2003,0,0,4,0,0,2,3,0,0,2,1,0,0,0
Ohio,2003,0,3,2,0,0,1,7,0,0,2,1,3,0,1
Oklahoma,2003,0,1,1,0,0,2,4,0,0,0,1,0,0,1
Oregon,2003,4,2,4,6,0,1,4,0,0,0,1,0,1,0
Pennsylvania,2003,8,3,4,6,0,1,5,0,1,0,1,0,0,1
Rhode Island,2003,7,9,5,9,2,3,3,0,4,0,1,0,1,0
South Carolina,2003,4,2,1,0,0,6,4,0,0,0,1,0,0,0
South Dakota,2003,0,0,1,0,0,1,3,0,0,0,1,0,0,0
Tennessee,2003,3,1,0,0,0,5,3,0,0,0,1,0,0,1
Texas,2003,0,1,1,0,0,5,3,0,4,0,1,0,0,2
Utah,2003,0,0,3,0,0,2,3,0,0,2,0,0,0,1
Vermont,2003,1,0,0,0,0,0,0,0,0,0,1,0,1,0
Virginia,2003,1,2,3,0,0,1,4,0,0,2,1,0,0,0
Washington,2003,5,0,4,0,1,2,4,0,0,0,1,0,0,4
West Virginia,2003,1,0,6,0,0,1,3,0,0,0,1,0,0,4
Wisconsin,2003,0,2,3,0,0,2,7,0,2,0,1,0,1,1
Wyoming,2003,0,0,0,0,0,3,4,0,0,0,1,0,1,0
Alabama,2004,5,0,1,0,0,0,3,0,0,0,1,0,0,0
Alaska,2004,0,1,1,0,0,1,1,0,0,0,1,0,0,0
Arizona,2004,0,0,4,0,0,1,4,0,0,0,1,0,0,2
Arkansas,2004,0,0,3,0,0,3,5,0,0,0,1,0,0,0
California,2004,13,8,7,11,3,4,6,7,7,5,1,2,1,7
Colorado,2004,1,0,1,4,0,2,5,0,0,2,1,0,0,0
Connecticut,2004,11,5,4,10,0,6,4,4,5,2,1,3,1,6
Delaware,2004,2,1,5,0,1,1,4,0,4,2,1,0,0,2
Florida,2004,1,1,1,0,1,8,3,0,3,2,1,0,0,1
Georgia,2004,2,0,1,0,0,4,3,0,0,0,1,0,0,0
Hawaii,2004,8,15,7,0,1,5,3,0,5,0,1,3,1,7
Idaho,2004,0,0,0,0,0,1,3,0,0,0,1,2,0,0
Illinois,2004,4,5,6,7,3,7,7,0,2,2,1,3,1,4
Indiana,2004,1,0,0,0,0,2,4,0,0,0,1,0,0,1
Iowa,2004,0,4,1,3,2,2,3,0,2,0,1,0,1,0
Kansas,2004,0,0,1,0,0,1,7,0,0,0,1,3,0,0
Kentucky,2004,0,0,1,0,0,1,3,0,0,0,1,0,0,0
Louisiana,2004,0,1,0,0,0,3,4,0,0,0,1,0,0,0
Maine,2004,1,0,2,0,0,1,2,0,0,0,1,0,0,1
Maryland,2004,6,8,6,6,2,3,5,1,7,3,1,0,1,3
Massachusetts,2004,13,10,7,7,6,9,5,4,11,5,1,3,1,6
Michigan,2004,4,6,1,3,0,2,4,0,1,0,1,0,0,0
Minnesota,2004,2,1,6,0,0,3,5,0,6,0,1,0,1,5
Mississippi,2004,0,0,1,0,0,4,3,0,0,0,1,0,0,0
Missouri,2004,0,3,1,3,0,1,3,0,0,0,1,0,0,0
Montana,2004,0,0,0,0,0,1,2,0,0,0,1,0,0,1
Nebraska,2004,0,3,1,2,0,3,7,0,0,1,1,3,1,1
Nevada,2004,0,0,3,0,1,2,3,0,0,0,1,0,0,0
New Hampshire,2004,1,0,0,0,0,0,1,0,3,0,1,0,0,1
New Jersey,2004,7,8,4,5,0,7,7,5,6,1,1,3,1,5
New Mexico,2004,0,0,1,0,0,3,4,0,0,0,1,0,1,0
New York,2004,4,7,8,4,2,6,6,4,2,3,1,3,1,3
North Carolina,2004,1,2,1,4,0,3,3,0,4,0,1,0,0,1
North Dakota,2004,0,0,4,0,0,2,3,0,0,2,1,0,0,0
Ohio,2004,0,3,4,0,0,1,4,0,0,2,1,2,0,1
Oklahoma,2004,0,1,1,0,0,2,4,0,0,0,1,0,0,1
Oregon,2004,4,2,4,6,0,1,4,0,0,0,1,0,1,0
Pennsylvania,2004,8,3,4,6,0,1,5,0,1,0,1,0,0,1
Rhode Island,2004,7,9,5,9,2,3,3,0,4,0,1,0,1,0
South Carolina,2004,4,1,1,0,0,6,4,0,0,0,1,0,0,0
South Dakota,2004,0,0,1,0,0,1,3,0,0,0,1,0,0,0
Tennessee,2004,3,1,0,0,0,5,3,0,0,0,1,0,0,1
Texas,2004,0,1,1,0,0,5,3,0,4,0,1,0,0,2
Utah,2004,0,0,3,0,0,2,3,0,0,2,0,0,0,1
Vermont,2004,1,0,0,0,0,0,0,0,0,0,1,0,1,0
Virginia,2004,0,1,3,0,0,1,4,0,0,2,1,0,0,0
Washington,2004,5,0,4,0,1,2,4,0,0,0,1,0,0,4
West Virginia,2004,1,0,6,0,0,1,3,0,0,0,1,0,0,4
Wisconsin,2004,0,2,3,0,0,2,7,0,2,0,1,0,1,1
Wyoming,2004,0,0,0,0,0,3,4,0,0,0,1,0,1,0
Alabama,2005,5,0,1,0,0,0,3,0,0,0,1,0,0,0
Alaska,2005,0,1,1,0,0,1,1,0,0,0,1,0,0,0
Arizona,2005,0,0,4,0,0,1,4,0,0,0,1,0,0,2
Arkansas,2005,0,0,3,0,0,3,5,0,0,0,1,0,0,0
California,2005,13,8,7,11,3,4,6,7,7,5,1,2,1,7
Colorado,2005,1,0,1,4,0,2,5,0,0,2,1,0,0,0
Connecticut,2005,11,5,5,10,0,6,4,4,5,2,1,3,1,6
Delaware,2005,2,1,5,0,1,1,4,0,4,2,1,0,0,2
Florida,2005,1,1,1,0,1,8,3,0,3,2,0,0,0,1
Georgia,2005,2,0,1,0,0,4,3,0,0,0,1,0,0,0
Hawaii,2005,8,15,7,0,1,5,3,0,5,0,1,3,1,7
Idaho,2005,0,0,0,0,0,1,3,0,0,0,1,2,0,0
Illinois,2005,4,5,6,9,3,7,7,0,2,2,1,3,1,4
Indiana,2005,1,0,0,0,0,2,4,0,0,0,1,0,0,1
Iowa,2005,0,4,1,3,2,2,3,0,2,0,1,0,1,0
Kansas,2005,0,0,1,0,0,1,7,0,0,0,1,0,0,0
Kentucky,2005,0,0,1,0,0,1,3,0,0,0,1,0,0,0
Louisiana,2005,0,1,0,0,0,3,4,0,0,0,1,0,0,0
Maine,2005,1,0,2,0,0,1,2,0,0,0,1,0,0,1
Maryland,2005,6,8,6,6,2,3,5,1,7,3,1,0,1,3
Massachusetts,2005,13,10,7,7,6,9,5,4,11,5,1,3,1,6
Michigan,2005,4,6,1,3,0,2,4,0,1,0,1,0,0,0
Minnesota,2005,2,1,6,0,0,3,5,0,6,0,1,0,1,5
Mississippi,2005,0,0,1,0,0,4,3,0,0,0,1,0,0,0
Missouri,2005,0,3,1,3,0,1,3,0,0,0,1,0,0,0
Montana,2005,0,0,0,0,0,1,2,0,0,0,1,0,0,1
Nebraska,2005,0,3,1,2,0,3,7,0,0,1,1,3,1,1
Nevada,2005,0,0,3,0,1,2,3,0,0,0,1,0,0,0
New Hampshire,2005,1,0,0,0,0,0,1,0,3,0,1,0,0,1
New Jersey,2005,7,8,4,5,0,7,7,5,6,1,1,3,1,5
New Mexico,2005,0,0,1,0,0,3,4,0,0,0,1,0,1,0
New York,2005,4,7,8,4,2,6,6,4,2,3,1,3,1,3
North Carolina,2005,1,2,1,4,0,3,3,0,4,0,1,0,0,1
North Dakota,2005,0,0,4,0,0,2,3,0,0,2,1,0,0,0
Ohio,2005,0,3,4,0,0,1,4,0,0,2,1,2,0,1
Oklahoma,2005,0,1,1,0,0,2,4,0,0,0,1,0,0,1
Oregon,2005,4,2,4,6,0,1,4,0,0,0,1,0,1,0
Pennsylvania,2005,8,3,4,6,0,1,5,0,1,0,1,0,0,1
Rhode Island,2005,7,9,5,9,2,3,3,0,4,0,1,0,1,0
South Carolina,2005,2,1,1,0,0,6,4,0,0,0,1,0,0,0
South Dakota,2005,0,0,1,0,0,1,3,0,0,0,1,0,0,1
Tennessee,2005,3,1,0,0,0,5,3,0,0,0,1,0,0,1
Texas,2005,0,1,1,0,0,5,3,0,4,0,1,0,0,2
Utah,2005,0,0,3,0,0,2,3,0,0,2,0,0,0,1
Vermont,2005,1,0,0,0,0,0,0,0,0,0,1,0,1,0
Virginia,2005,0,1,3,0,0,1,4,0,0,2,1,0,0,0
Washington,2005,5,0,4,0,1,2,4,0,0,0,1,0,0,4
West Virginia,2005,1,0,6,0,0,1,3,0,0,0,1,0,0,4
Wisconsin,2005,0,2,3,0,0,2,7,0,2,0,1,0,1,1
Wyoming,2005,0,0,0,0,0,3,4,0,0,0,1,0,1,0
Alabama,2006,5,0,1,0,0,0,4,0,0,0,0,0,0,0
Alaska,2006,0,1,1,0,0,1,1,0,0,0,1,0,0,0
Arizona,2006,0,0,4,0,0,1,4,0,0,0,1,0,0,2
Arkansas,2006,0,0,3,0,0,3,5,0,0,0,1,0,0,0
California,2006,13,8,7,11,3,4,6,7,7,5,1,2,1,7
Colorado,2006,1,0,1,4,0,2,5,0,0,2,1,0,0,0
Connecticut,2006,11,5,5,10,0,6,4,4,5,2,1,3,1,6
Delaware,2006,2,1,5,0,1,1,4,0,4,2,1,0,0,2
Florida,2006,1,1,1,0,1,8,3,0,3,2,0,0,0,1
Georgia,2006,2,0,1,0,0,4,4,0,0,0,0,0,0,0
Hawaii,2006,8,15,9,6,1,5,6,0,5,0,1,3,1,7
Idaho,2006,0,0,0,0,0,1,3,0,0,0,1,2,0,0
Illinois,2006,4,5,6,9,3,7,7,0,3,2,1,3,1,4
Indiana,2006,1,0,0,0,0,3,4,0,0,0,0,0,0,1
Iowa,2006,0,4,1,3,2,2,3,0,2,0,1,0,1,0
Kansas,2006,0,0,2,0,0,1,7,0,0,0,0,0,0,0
Kentucky,2006,0,0,1,0,0,1,5,0,0,0,0,0,0,0
Louisiana,2006,0,1,0,0,0,3,4,0,0,0,0,0,0,0
Maine,2006,1,0,2,0,0,1,2,0,0,0,1,0,0,1
Maryland,2006,6,8,6,6,2,3,5,1,7,3,1,0,1,3
Massachusetts,2006,13,10,7,7,6,9,5,4,11,5,1,3,1,6
Michigan,2006,4,6,1,3,0,2,4,0,1,0,0,0,0,0
Minnesota,2006,2,1,6,0,0,3,5,0,6,0,1,0,1,5
Mississippi,2006,0,0,1,0,0,4,3,0,0,0,0,0,0,0
Missouri,2006,0,3,1,3,0,1,3,0,0,0,1,0,0,0
Montana,2006,0,0,0,0,0,1,2,0,0,0,1,0,0,1
Nebraska,2006,0,3,1,2,0,3,7,0,0,1,1,3,1,1
Nevada,2006,0,0,3,0,1,2,3,0,0,0,1,0,0,0
New Hampshire,2006,1,0,0,0,0,0,1,0,3,0,1,0,0,1
New Jersey,2006,7,8,4,5,0,7,7,5,6,1,1,3,1,5
New Mexico,2006,0,0,1,0,0,3,4,0,0,0,1,0,1,0
New York,2006,4,7,8,4,2,6,6,4,2,3,1,3,1,3
North Carolina,2006,1,2,1,4,0,3,4,0,4,0,1,0,0,1
North Dakota,2006,0,0,4,0,0,2,3,0,0,2,1,0,0,0
Ohio,2006,0,3,4,0,0,1,4,0,0,2,1,2,0,1
Oklahoma,2006,0,1,1,0,0,2,4,0,0,0,0,0,0,1
Oregon,2006,4,2,4,6,0,1,4,0,0,0,1,0,1,0
Pennsylvania,2006,8,3,4,6,0,1,5,0,1,0,1,0,0,4
Rhode Island,2006,7,9,5,9,2,3,3,0,4,0,1,0,1,0
South Carolina,2006,2,1,1,0,0,6,4,0,0,0,0,0,0,0
South Dakota,2006,0,0,1,0,0,1,3,0,0,0,0,0,0,1
Tennessee,2006,3,1,0,0,0,5,3,0,0,0,1,0,0,1
Texas,2006,0,1,1,0,0,5,3,0,4,0,1,0,0,2
Utah,2006,0,0,3,0,0,2,3,0,0,2,0,0,0,1
Vermont,2006,1,0,0,0,0,0,0,0,0,0,1,0,1,0
Virginia,2006,0,1,3,0,0,1,4,0,0,2,1,0,0,0
Washington,2006,5,0,4,0,1,2,4,0,0,0,1,0,0,4
West Virginia,2006,1,0,6,0,0,1,3,0,0,0,1,0,0,4
Wisconsin,2006,0,2,3,0,0,2,7,0,2,0,1,0,1,1
Wyoming,2006,0,0,0,0,0,3,4,0,0,0,1,0,1,0
Alabama,2007,5,0,1,0,0,0,4,0,0,0,0,0,0,0
Alaska,2007,0,1,1,0,0,1,1,0,0,0,1,0,0,0
Arizona,2007,0,0,4,0,0,1,4,0,0,0,1,0,0,2
Arkansas,2007,0,0,3,0,0,3,5,0,0,0,1,0,0,0
California,2007,13,8,7,11,3,4,6,7,7,5,1,2,1,7
Colorado,2007,1,0,1,4,0,2,5,0,0,2,1,0,0,0
Connecticut,2007,11,6,5,10,0,6,4,4,5,2,1,3,1,6
Delaware,2007,2,1,5,0,1,1,4,0,4,2,1,0,0,2
Florida,2007,1,1,1,0,1,8,3,0,3,2,0,0,0,1
Georgia,2007,2,0,1,0,0,4,4,0,0,0,0,0,0,0
Hawaii,2007,8,15,9,6,1,5,6,0,5,0,1,3,1,7
Idaho,2007,0,0,0,0,0,1,3,0,0,0,1,2,0,0
Illinois,2007,4,5,6,9,3,7,7,0,3,2,1,3,1,4
Indiana,2007,1,0,0,0,0,3,4,0,0,0,0,0,0,1
Iowa,2007,0,4,1,3,2,2,3,0,2,0,1,0,1,0
Kansas,2007,0,0,2,0,0,1,3,0,0,0,0,0,0,0
Kentucky,2007,0,0,1,0,0,1,5,0,0,0,0,0,0,0
Louisiana,2007,0,1,0,0,0,3,4,0,0,0,0,0,0,0
Maine,2007,1,0,2,0,0,1,2,0,0,0,1,0,0,1
Maryland,2007,6,8,6,6,2,3,5,1,7,3,1,0,1,3
Massachusetts,2007,13,10,7,7,6,9,5,4,11,5,1,3,1,6
Michigan,2007,4,6,1,3,0,2,4,0,1,0,0,0,0,0
Minnesota,2007,2,1,6,0,0,3,5,0,6,0,1,0,1,5
Mississippi,2007,0,0,1,0,0,4,3,0,0,0,0,0,0,0
Missouri,2007,0,0,1,0,0,1,3,0,0,0,1,0,0,0
Montana,2007,0,0,0,0,0,1,2,0,0,0,1,0,0,1
Nebraska,2007,0,3,1,2,0,3,5,0,0,1,1,3,1,1
Nevada,2007,0,0,3,0,1,2,3,0,0,0,1,0,0,0
New Hampshire,2007,1,0,0,0,0,0,1,0,3,0,1,0,0,1
New Jersey,2007,7,8,4,5,0,7,7,5,6,1,1,3,1,5
New Mexico,2007,0,0,1,0,0,3,4,0,0,0,1,0,1,0
New York,2007,4,7,8,4,2,6,6,4,2,3,1,3,1,3
North Carolina,2007,1,2,1,4,0,3,4,0,4,0,1,0,0,1
North Dakota,2007,0,0,4,0,0,2,3,0,0,2,1,0,0,0
Ohio,2007,0,3,4,0,0,1,4,0,0,2,1,0,0,1
Oklahoma,2007,0,1,1,0,0,2,4,0,0,0,0,0,0,1
Oregon,2007,4,2,4,6,0,1,4,0,0,0,1,0,1,0
Pennsylvania,2007,8,3,4,6,0,1,5,0,1,0,1,0,0,4
Rhode Island,2007,7,9,5,9,2,3,3,0,4,0,1,0,1,0
South Carolina,2007,2,1,1,0,0,6,4,0,0,0,0,0,0,0
South Dakota,2007,0,0,1,0,0,1,3,0,0,0,0,0,0,1
Tennessee,2007,3,1,0,0,0,5,3,0,0,0,0,0,0,1
Texas,2007,0,1,1,0,0,5,3,0,4,0,0,0,0,2
Utah,2007,0,0,3,0,0,2,3,0,0,2,0,0,0,1
Vermont,2007,1,0,0,0,0,0,0,0,0,0,1,0,1,0
Virginia,2007,0,1,3,0,0,1,4,0,0,2,1,0,0,0
Washington,2007,5,0,4,0,1,2,4,0,0,0,1,0,0,4
West Virginia,2007,1,0,6,0,0,1,3,0,0,0,1,0,0,4
Wisconsin,2007,0,2,3,0,0,2,7,0,2,0,1,0,1,1
Wyoming,2007,0,0,0,0,0,3,4,0,0,0,1,0,1,0
Alabama,2008,5,0,1,0,0,0,4,0,0,0,0,0,0,0
Alaska,2008,0,1,1,0,0,1,1,0,0,0,1,0,0,0
Arizona,2008,0,0,4,0,0,1,4,0,0,0,1,0,0,2
Arkansas,2008,0,0,3,0,0,3,5,0,0,0,1,0,0,0
California,2008,13,8,7,11,3,4,6,7,7,5,1,2,1,7
Colorado,2008,1,0,1,4,0,2,5,0,0,2,1,0,0,0
Connecticut,2008,11,6,5,10,0,6,4,4,5,2,1,3,1,6
Delaware,2008,2,1,5,0,1,1,4,0,4,2,1,0,0,2
Florida,2008,1,1,1,0,1,8,3,0,3,2,0,0,0,1
Georgia,2008,2,0,1,0,0,4,4,0,0,0,0,0,0,0
Hawaii,2008,8,15,9,6,1,5,6,0,5,0,1,3,1,7
Idaho,2008,0,0,0,0,0,1,3,0,0,0,1,0,0,0
Illinois,2008,4,5,6,9,3,7,7,0,3,2,1,3,1,4
Indiana,2008,1,0,0,0,0,3,4,0,0,0,0,0,0,1
Iowa,2008,0,4,1,3,2,2,3,0,2,0,1,0,1,0
Kansas,2008,0,0,2,0,0,1,3,0,0,0,0,0,0,0
Kentucky,2008,0,0,1,0,0,1,5,0,0,0,0,0,0,0
Louisiana,2008,0,1,0,0,0,3,4,0,0,0,0,0,0,0
Maine,2008,1,0,4,0,0,1,2,0,0,0,1,0,0,1
Maryland,2008,6,8,6,6,2,3,5,1,7,3,1,0,1,3
Massachusetts,2008,13,10,7,7,6,9,5,4,11,5,1,3,1,6
Michigan,2008,4,6,1,3,0,2,4,0,1,0,0,0,0,0
Minnesota,2008,2,1,6,0,0,3,5,0,6,0,1,0,1,5
Mississippi,2008,0,0,1,0,0,4,3,0,0,0,0,0,0,0
Missouri,2008,0,0,2,0,0,1,4,0,0,0,1,0,0,0
Montana,2008,0,0,0,0,0,1,2,0,0,0,1,0,0,1
Nebraska,2008,0,3,1,2,0,3,5,0,0,1,1,3,1,1
Nevada,2008,0,0,3,0,1,2,3,0,0,0,1,0,0,0
New Hampshire,2008,1,0,0,0,0,0,1,0,3,0,1,0,0,1
New Jersey,2008,7,9,4,5,2,7,7,5,6,1,1,3,1,5
New Mexico,2008,0,0,1,0,0,3,4,0,0,0,1,0,1,0
New York,2008,4,7,8,4,2,6,6,4,2,3,1,3,1,3
North Carolina,2008,1,2,1,4,0,3,4,0,4,0,1,0,0,1
North Dakota,2008,0,0,4,0,0,2,3,0,0,2,1,0,0,0
Ohio,2008,0,3,4,0,0,1,4,0,0,2,1,0,0,1
Oklahoma,2008,0,1,1,0,0,2,4,0,0,0,0,0,0,1
Oregon,2008,4,2,4,6,0,1,4,0,0,0,1,0,1,0
Pennsylvania,2008,8,3,4,6,0,1,5,0,1,1,1,0,0,4
Rhode Island,2008,7,9,5,9,2,3,3,0,4,0,1,0,1,0
South Carolina,2008,2,0,1,0,0,5,4,0,0,0,0,0,0,0
South Dakota,2008,0,0,1,0,0,1,3,0,0,0,0,0,0,1
Tennessee,2008,3,1,1,0,0,5,3,0,0,0,0,0,0,1
Texas,2008,0,1,1,0,0,5,3,0,4,0,0,0,0,2
Utah,2008,0,0,3,0,0,2,3,0,0,2,0,0,0,1
Vermont,2008,1,0,0,0,0,0,0,0,0,0,1,0,1,0
Virginia,2008,0,1,4,0,0,1,4,0,0,2,1,0,0,0
Washington,2008,5,0,4,0,1,2,4,0,0,0,1,0,0,4
West Virginia,2008,1,0,6,0,0,1,3,0,0,0,0,0,0,4
Wisconsin,2008,0,2,3,0,0,2,7,0,2,0,1,0,1,1
Wyoming,2008,0,0,0,0,0,3,4,0,0,0,1,0,1,0
Alabama,2009,5,0,1,0,0,0,4,0,0,0,0,0,0,0
Alaska,2009,0,1,1,0,0,1,1,0,0,0,1,0,0,0
Arizona,2009,0,0,4,0,0,1,4,0,0,0,1,0,0,2
Arkansas,2009,0,0,3,0,0,3,5,0,0,0,1,0,0,0
California,2009,13,8,7,11,3,4,6,7,7,5,1,2,1,7
Colorado,2009,1,0,1,4,0,2,5,0,0,2,1,0,0,0
Connecticut,2009,11,6,5,10,0,6,4,4,5,2,1,3,1,6
Delaware,2009,2,1,5,0,1,1,4,0,4,2,1,0,0,2
Florida,2009,1,1,1,0,1,8,3,0,3,2,0,0,0,1
Georgia,2009,2,0,1,0,0,4,4,0,0,0,0,0,0,0
Hawaii,2009,8,15,9,6,1,5,6,0,5,0,1,3,1,7
Idaho,2009,0,0,0,0,0,1,3,0,0,0,1,0,0,0
Illinois,2009,4,5,6,9,3,7,7,0,3,2,1,3,1,4
Indiana,2009,1,0,0,0,0,3,4,0,0,0,0,0,0,1
Iowa,2009,0,4,1,3,2,2,3,0,2,0,1,0,1,0
Kansas,2009,0,0,2,0,0,1,3,0,0,0,0,0,0,0
Kentucky,2009,0,0,1,0,0,1,5,0,0,0,0,0,0,0
Louisiana,2009,0,1,0,0,0,3,4,0,0,0,0,0,0,0
Maine,2009,1,0,4,0,0,1,2,0,0,0,1,0,0,1
Maryland,2009,6,8,6,6,2,3,5,1,7,3,1,0,1,3
Massachusetts,2009,13,10,7,7,6,9,5,4,11,5,1,3,1,6
Michigan,2009,4,6,1,3,0,2,4,0,1,0,0,0,0,0
Minnesota,2009,2,1,6,0,0,3,5,0,6,0,1,0,1,5
Mississippi,2009,0,0,1,0,0,4,3,0,0,0,0,0,0,0
Missouri,2009,0,0,2,0,0,1,4,0,0,0,1,0,0,0
Montana,2009,0,0,0,0,0,1,2,0,0,0,0,0,0,1
Nebraska,2009,0,3,1,2,0,3,5,0,0,1,1,2,1,3
Nevada,2009,0,0,3,0,1,2,3,0,0,0,1,0,0,0
New Hampshire,2009,1,0,0,0,0,0,1,0,3,0,1,0,0,1
New Jersey,2009,7,9,4,5,2,7,7,5,6,1,1,3,1,5
New Mexico,2009,0,0,1,0,0,3,4,0,0,0,1,0,1,0
New York,2009,4,7,8,4,2,6,6,4,2,3,1,3,1,3
North Carolina,2009,1,2,1,4,0,3,4,0,4,0,1,0,0,1
North Dakota,2009,0,0,4,0,0,2,3,0,0,2,1,0,0,0
Ohio,2009,0,3,4,0,0,1,4,0,0,2,1,0,0,1
Oklahoma,2009,0,1,1,0,0,2,4,0,0,0,0,0,0,1
Oregon,2009,4,2,4,6,0,1,4,0,0,0,1,0,1,0
Pennsylvania,2009,8,3,4,6,0,1,5,0,1,1,1,0,0,4
Rhode Island,2009,7,9,5,9,2,3,3,0,4,0,1,0,1,0
South Carolina,2009,2,0,1,0,0,5,4,0,0,0,0,0,0,0
South Dakota,2009,0,0,1,0,0,1,3,0,0,0,0,0,0,1
Tennessee,2009,3,1,4,0,0,5,3,0,0,0,0,0,0,5
Texas,2009,0,1,1,0,0,5,4,0,4,0,0,0,0,2
Utah,2009,0,0,3,0,0,2,3,0,0,2,0,0,0,1
Vermont,2009,1,0,0,0,0,0,0,0,0,0,1,0,1,0
Virginia,2009,0,1,4,0,0,1,4,0,0,2,1,0,0,0
Washington,2009,5,0,4,0,1,2,4,0,0,0,1,0,0,4
West Virginia,2009,1,0,6,0,0,1,3,0,0,0,0,0,0,4
Wisconsin,2009,0,2,3,0,0,2,7,0,2,0,1,0,1,1
Wyoming,2009,0,0,0,0,0,3,4,0,0,0,1,0,1,0
Alabama,2010,5,0,1,0,0,0,4,0,0,0,0,0,0,0
Alaska,2010,0,1,1,0,0,1,1,0,0,0,1,0,0,0
Arizona,2010,0,0,4,0,0,1,3,0,0,0,0,0,0,2
Arkansas,2010,0,0,3,0,0,3,5,0,0,0,1,0,0,0
California,2010,13,8,7,11,3,4,6,7,7,5,1,2,1,7
Colorado,2010,1,0,1,4,0,2,5,0,0,2,1,0,0,0
Connecticut,2010,11,6,5,10,0,6,4,4,5,2,1,3,1,6
Delaware,2010,2,1,5,0,1,1,4,0,4,2,1,0,0,2
Florida,2010,1,1,1,0,1,8,3,0,3,2,0,0,0,1
Georgia,2010,2,0,1,0,0,4,4,0,0,0,0,0,0,0
Hawaii,2010,8,15,9,6,1,5,6,0,5,0,1,3,1,7
Idaho,2010,0,0,0,0,0,1,3,0,0,0,1,0,0,0
Illinois,2010,4,5,6,9,3,7,7,0,3,2,1,3,1,4
Indiana,2010,1,0,0,0,0,3,4,0,0,0,0,0,0,1
Iowa,2010,0,4,1,3,2,2,3,0,2,0,1,0,1,3
Kansas,2010,0,0,4,0,0,0,4,0,0,0,0,0,0,0
Kentucky,2010,0,0,1,0,0,1,5,0,0,0,0,0,0,0
Louisiana,2010,0,1,0,0,0,3,4,0,0,0,0,0,0,0
Maine,2010,1,0,4,0,0,1,2,0,0,0,1,0,0,1
Maryland,2010,6,8,6,6,2,3,5,1,7,3,1,0,1,3
Massachusetts,2010,13,10,7,7,6,9,5,4,11,5,1,3,1,6
Michigan,2010,4,6,1,3,0,2,4,0,1,0,0,0,0,0
Minnesota,2010,2,1,6,0,0,3,5,0,6,0,1,0,1,5
Mississippi,2010,0,0,1,0,0,4,3,0,0,0,0,0,0,0
Missouri,2010,0,0,2,0,0,1,4,0,0,0,1,0,0,0
Montana,2010,0,0,0,0,0,1,2,0,0,0,0,0,0,1
Nebraska,2010,0,3,1,2,0,3,5,0,0,1,1,2,1,3
Nevada,2010,0,0,3,0,1,2,3,0,0,0,1,0,0,0
New Hampshire,2010,1,0,0,0,0,0,1,0,3,0,1,0,0,1
New Jersey,2010,7,10,4,5,2,7,7,5,6,1,1,3,1,5
New Mexico,2010,0,0,1,0,0,3,4,0,0,0,1,0,1,0
New York,2010,4,7,8,4,2,6,6,4,2,3,1,3,1,3
North Carolina,2010,1,2,1,4,0,3,4,0,4,0,1,0,0,1
North Dakota,2010,0,0,4,0,0,2,3,0,0,2,1,0,0,0
Ohio,2010,0,3,4,0,0,1,4,0,0,2,1,0,0,1
Oklahoma,2010,0,1,1,0,0,2,4,0,0,0,0,0,0,1
Oregon,2010,4,2,4,6,0,1,4,0,0,0,1,0,1,0
Pennsylvania,2010,8,3,4,6,0,1,5,0,1,1,1,0,0,4
Rhode Island,2010,7,9,5,9,2,3,3,0,4,0,1,0,1,0
South Carolina,2010,2,0,1,0,0,5,4,0,0,0,0,0,0,0
South Dakota,2010,0,0,1,0,0,1,3,0,0,0,0,0,0,1
Tennessee,2010,3,1,4,0,0,5,3,0,0,0,0,0,0,5
Texas,2010,0,1,1,0,0,5,4,0,4,0,0,0,0,2
Utah,2010,0,0,3,0,0,2,3,0,0,2,0,0,0,1
Vermont,2010,1,0,0,0,0,0,0,0,0,0,1,0,1,0
Virginia,2010,0,1,4,0,0,1,4,0,0,2,1,0,0,0
Washington,2010,5,0,4,0,1,2,4,0,0,0,1,0,0,4
West Virginia,2010,1,2,6,0,2,1,3,0,0,0,0,0,0,4
Wisconsin,2010,0,2,5,0,0,2,7,0,2,0,1,0,1,1
Wyoming,2010,0,0,1,0,0,3,4,0,0,0,1,0,1,0
Alabama,2011,5,0,1,0,0,0,4,0,0,0,0,0,0,0
Alaska,2011,0,1,1,0,0,1,1,0,0,0,1,0,0,0
Arizona,2011,0,0,4,0,0,1,3,0,0,0,0,0,0,2
Arkansas,2011,0,0,3,0,0,3,5,0,0,0,1,0,0,0
California,2011,13,8,7,11,4,4,6,7,7,5,1,2,1,7
Colorado,2011,1,0,1,4,0,2,5,0,0,2,1,0,0,0
Connecticut,2011,11,6,5,10,0,6,4,4,5,2,1,3,1,6
Delaware,2011,2,1,5,0,1,1,4,0,4,2,1,0,0,2
Florida,2011,1,1,1,0,1,8,3,0,3,2,0,0,0,1
Georgia,2011,2,0,1,0,0,4,4,0,0,0,0,0,0,0
Hawaii,2011,8,15,9,6,1,5,6,0,5,0,1,3,1,7
Idaho,2011,0,0,0,0,0,1,3,0,0,0,1,0,0,0
Illinois,2011,4,5,6,9,3,7,7,0,3,2,1,3,1,4
Indiana,2011,1,0,0,0,0,3,4,0,0,0,0,0,0,1
Iowa,2011,0,4,1,3,2,2,5,0,2,0,1,0,1,3
Kansas,2011,0,0,4,0,0,0,4,0,0,0,0,0,0,0
Kentucky,2011,0,0,1,0,0,1,5,0,0,0,0,0,0,0
Louisiana,2011,0,1,0,0,0,3,4,0,0,0,0,0,0,0
Maine,2011,1,0,4,0,0,1,2,0,0,0,1,0,0,1
Maryland,2011,6,8,7,6,2,3,5,1,7,3,1,0,1,3
Massachusetts,2011,13,10,7,7,6,9,5,4,11,5,1,3,1,6
Michigan,2011,4,6,1,3,0,2,4,0,1,0,0,0,0,0
Minnesota,2011,2,1,6,0,0,3,5,0,6,0,1,0,1,5
Mississippi,2011,0,0,1,0,0,2,3,0,0,0,0,0,0,0
Missouri,2011,0,0,2,0,0,1,4,0,0,0,1,0,0,0
Montana,2011,0,0,0,0,0,1,2,0,0,0,0,0,0,1
Nebraska,2011,0,3,1,2,0,3,5,0,0,1,1,2,1,3
Nevada,2011,0,0,3,0,1,2,5,0,0,0,0,0,0,0
New Hampshire,2011,1,0,0,0,0,0,1,0,3,0,0,0,0,1
New Jersey,2011,7,10,4,5,2,7,7,5,6,1,1,3,1,5
New Mexico,2011,0,0,1,0,0,3,4,0,0,0,1,0,1,0
New York,2011,4,7,8,4,2,6,6,4,2,3,1,3,1,3
North Carolina,2011,1,2,1,4,0,3,4,0,4,0,0,0,0,1
North Dakota,2011,0,0,5,0,0,2,3,0,0,2,1,0,0,0
Ohio,2011,0,3,3,0,0,1,4,0,0,2,1,0,0,1
Oklahoma,2011,0,1,1,0,0,2,4,0,0,0,0,0,0,1
Oregon,2011,4,2,4,6,0,1,4,0,0,0,1,0,1,0
Pennsylvania,2011,8,3,4,6,0,1,5,0,1,1,0,0,0,4
Rhode Island,2011,7,9,5,9,2,3,3,0,4,0,1,0,1,0
South Carolina,2011,2,0,1,0,0,5,4,0,0,0,0,0,0,0
South Dakota,2011,0,0,1,0,0,1,3,0,0,0,0,0,0,1
Tennessee,2011,3,1,4,0,0,5,3,0,0,0,0,0,0,5
Texas,2011,0,1,1,0,0,5,4,0,4,0,0,0,0,2
Utah,2011,0,0,3,0,0,2,3,0,0,2,0,0,0,1
Vermont,2011,1,0,0,0,0,0,0,0,0,0,1,0,1,0
Virginia,2011,0,1,4,0,0,1,4,0,0,2,1,0,0,0
Washington,2011,5,0,4,0,1,2,5,0,0,0,1,0,0,4
West Virginia,2011,1,2,6,0,2,1,3,0,0,0,0,0,0,4
Wisconsin,2011,0,2,5,0,0,2,5,0,2,0,1,0,1,1
Wyoming,2011,0,0,1,0,0,3,3,0,0,0,1,0,1,0
Alabama,2012,5,0,1,0,0,0,4,0,0,0,0,0,0,0
Alaska,2012,0,1,1,0,0,1,1,0,0,0,1,0,0,0
Arizona,2012,0,0,4,0,0,1,3,0,0,0,0,0,0,2
Arkansas,2012,0,0,3,0,0,3,5,0,0,0,1,0,0,0
California,2012,13,9,7,11,4,4,6,7,7,5,1,2,1,7
Colorado,2012,1,0,1,4,0,2,5,0,0,2,1,0,0,0
Connecticut,2012,11,6,5,10,0,6,4,4,5,2,1,3,1,6
Delaware,2012,2,1,5,0,1,1,4,0,4,2,1,0,0,2
Florida,2012,1,1,1,0,1,8,3,0,3,2,0,0,0,1
Georgia,2012,2,0,1,0,0,4,4,0,0,0,0,0,0,0
Hawaii,2012,8,15,9,6,1,5,6,0,5,0,1,3,1,8
Idaho,2012,0,0,0,0,0,1,3,0,0,0,1,0,0,0
Illinois,2012,4,5,6,9,3,7,7,0,3,2,1,3,1,4
Indiana,2012,1,0,0,0,0,3,4,0,0,0,0,0,0,1
Iowa,2012,0,4,1,3,2,2,5,0,2,0,1,0,1,3
Kansas,2012,0,0,4,0,0,0,4,0,0,0,0,0,0,0
Kentucky,2012,0,0,1,0,0,1,5,0,0,0,0,0,0,0
Louisiana,2012,0,1,0,0,0,3,4,0,0,0,0,0,0,0
Maine,2012,1,0,4,0,0,1,2,0,0,0,1,0,0,1
Maryland,2012,6,8,7,6,2,3,5,1,7,3,1,0,1,3
Massachusetts,2012,13,10,7,7,6,9,5,4,11,5,1,3,1,6
Michigan,2012,4,3,1,3,0,2,4,0,1,0,0,0,0,0
Minnesota,2012,2,1,6,0,0,3,5,0,6,0,1,0,1,5
Mississippi,2012,0,0,1,0,0,2,3,0,0,0,0,0,0,0
Missouri,2012,0,0,2,0,0,1,4,0,0,0,1,0,0,0
Montana,2012,0,0,0,0,0,1,2,0,0,0,0,0,0,1
Nebraska,2012,0,3,1,2,0,3,5,0,0,1,1,2,1,3
Nevada,2012,0,0,3,0,1,2,5,0,0,0,0,0,0,0
New Hampshire,2012,1,0,0,0,0,0,1,0,3,0,0,0,0,1
New Jersey,2012,7,10,4,5,2,7,7,5,6,1,1,3,1,5
New Mexico,2012,0,0,1,0,0,3,4,0,0,0,1,0,1,0
New York,2012,4,7,8,4,2,6,6,4,2,2,1,3,1,3
North Carolina,2012,1,2,1,4,0,3,4,0,4,0,0,0,0,1
North Dakota,2012,0,0,5,0,0,2,3,0,0,2,1,0,0,0
Ohio,2012,0,3,3,0,0,1,4,0,0,2,1,0,0,1
Oklahoma,2012,0,1,1,0,0,3,4,0,0,0,0,0,0,1
Oregon,2012,4,2,4,6,0,1,4,0,0,0,1,0,1,0
Pennsylvania,2012,8,3,4,6,0,1,5,0,1,1,0,0,0,4
Rhode Island,2012,7,9,5,9,2,3,3,0,4,0,1,0,1,0
South Carolina,2012,0,0,1,0,0,5,4,0,0,0,0,0,0,0
South Dakota,2012,0,0,1,0,0,1,3,0,0,0,0,0,0,1
Tennessee,2012,3,1,4,0,0,5,3,0,0,0,0,0,0,5
Texas,2012,0,1,1,0,0,5,4,0,4,0,0,0,0,2
Utah,2012,0,0,3,0,0,2,3,0,0,2,0,0,0,1
Vermont,2012,1,0,0,0,0,0,0,0,0,0,1,0,1,0
Virginia,2012,0,0,4,0,0,1,4,0,0,2,1,0,0,0
Washington,2012,5,0,4,0,1,2,5,0,0,0,1,0,0,4
West Virginia,2012,1,2,6,0,2,1,5,0,0,0,0,0,0,4
Wisconsin,2012,0,2,5,0,0,2,5,0,2,0,1,0,1,1
Wyoming,2012,0,0,1,0,0,3,3,0,0,0,1,0,1,0
Alabama,2013,5,0,1,0,0,0,4,0,0,0,0,0,0,0
Alaska,2013,0,1,1,0,0,1,1,0,0,0,0,0,0,0
Arizona,2013,0,0,4,0,0,1,3,0,0,0,0,0,0,2
Arkansas,2013,0,0,3,0,0,2,5,0,0,0,1,0,0,0
California,2013,13,9,7,11,4,4,6,7,9,6,1,2,1,7
Colorado,2013,1,0,1,9,0,2,5,1,0,2,1,0,0,4
Connecticut,2013,11,7,8,10,5,7,4,7,5,2,1,3,1,6
Delaware,2013,4,2,5,8,1,1,4,0,4,2,1,0,0,2
Florida,2013,1,1,1,0,1,8,3,0,3,2,0,0,0,1
Georgia,2013,2,0,1,0,0,4,4,0,0,0,0,0,0,0
Hawaii,2013,8,15,9,6,1,5,6,0,5,0,1,3,1,8
Idaho,2013,0,0,0,0,0,1,3,0,0,0,1,0,0,0
Illinois,2013,4,6,6,9,3,6,5,0,3,2,1,1,1,6
Indiana,2013,1,0,0,0,0,3,4,0,0,0,0,0,0,1
Iowa,2013,0,4,1,3,2,2,5,0,2,0,1,0,1,3
Kansas,2013,0,0,4,0,0,0,4,0,0,0,0,0,0,0
Kentucky,2013,0,0,1,0,0,1,5,0,0,0,0,0,0,0
Louisiana,2013,0,1,0,0,0,3,4,0,0,0,0,0,0,0
Maine,2013,1,0,4,0,0,1,2,0,0,0,1,0,0,1
Maryland,2013,6,9,7,6,3,3,5,5,7,3,1,0,1,3
Massachusetts,2013,13,10,7,7,6,9,5,4,11,5,1,3,1,6
Michigan,2013,4,3,1,3,0,2,4,0,1,0,0,0,0,0
Minnesota,2013,2,1,6,0,0,3,5,0,6,0,1,0,1,5
Mississippi,2013,0,0,1,0,0,1,3,0,0,0,0,0,0,0
Missouri,2013,0,0,2,0,0,1,4,0,0,0,1,0,0,0
Montana,2013,0,0,0,0,0,1,2,0,0,0,0,0,0,1
Nebraska,2013,0,3,1,2,0,3,5,0,0,1,1,2,1,3
Nevada,2013,0,0,3,0,1,2,5,0,0,0,0,0,0,0
New Hampshire,2013,1,0,0,0,0,0,1,0,3,0,0,0,0,1
New Jersey,2013,7,10,4,5,2,7,7,5,6,1,1,3,1,5
New Mexico,2013,0,0,1,0,0,3,4,0,0,0,1,0,1,0
New York,2013,4,7,8,8,2,6,6,8,2,2,1,3,1,3
North Carolina,2013,1,2,1,4,0,3,5,0,4,0,0,0,0,1
North Dakota,2013,0,0,5,0,0,2,4,0,0,2,1,0,0,0
Ohio,2013,0,3,3,0,0,1,4,0,0,2,1,0,0,1
Oklahoma,2013,0,1,1,0,0,2,4,0,0,0,0,0,0,1
Oregon,2013,4,2,4,6,0,1,4,0,0,0,1,0,1,0
Pennsylvania,2013,8,3,4,6,0,1,5,0,1,1,0,0,0,4
Rhode Island,2013,7,9,5,9,2,3,3,0,4,0,1,0,1,0
South Carolina,2013,0,0,3,0,0,5,4,0,0,0,0,0,0,0
South Dakota,2013,0,0,1,0,0,0,3,0,0,0,0,0,0,1
Tennessee,2013,3,1,4,0,0,5,3,0,0,0,0,0,0,5
Texas,2013,0,1,1,0,0,5,4,0,4,0,0,0,0,2
Utah,2013,0,0,3,0,0,2,3,0,0,2,0,0,0,1
Vermont,2013,1,0,0,0,0,0,0,0,0,0,1,0,1,0
Virginia,2013,0,0,4,0,0,1,4,0,0,2,1,0,0,0
Washington,2013,5,0,4,0,1,2,5,0,0,0,1,0,0,4
West Virginia,2013,1,2,6,0,2,1,5,0,0,0,0,0,0,4
Wisconsin,2013,0,2,5,0,0,2,5,0,2,0,1,0,1,1
Wyoming,2013,0,0,1,0,0,3,3,0,0,0,1,0,1,0
Alabama,2014,5,0,1,0,0,0,4,0,0,0,0,0,0,0
Alaska,2014,0,1,1,0,0,1,1,0,0,0,0,0,0,0
Arizona,2014,0,0,4,0,0,1,3,0,0,0,0,0,0,2
Arkansas,2014,0,0,3,0,0,2,5,0,0,0,1,0,0,0
California,2014,13,10,7,11,4,4,6,7,9,6,1,2,1,7
Colorado,2014,1,0,1,9,0,2,5,1,0,2,1,0,0,4
Connecticut,2014,11,8,8,10,5,7,4,7,5,2,1,3,1,6
Delaware,2014,4,2,6,8,1,1,4,0,4,2,1,0,0,2
Florida,2014,1,1,1,0,1,8,3,0,3,2,0,0,0,1
Georgia,2014,0,0,1,0,0,1,4,0,0,0,0,0,0,0
Hawaii,2014,8,15,9,6,1,5,6,0,5,0,1,3,1,8
Idaho,2014,0,0,0,0,0,1,3,0,0,0,1,0,0,0
Illinois,2014,4,6,6,9,3,6,5,0,3,2,1,1,1,6
Indiana,2014,1,0,0,0,0,3,4,0,0,1,0,0,0,1
Iowa,2014,0,4,1,3,2,2,5,0,2,0,1,0,1,3
Kansas,2014,0,0,4,0,0,0,4,0,0,0,0,0,0,0
Kentucky,2014,0,0,1,0,0,1,5,0,0,0,0,0,0,0
Louisiana,2014,0,1,0,0,0,3,5,0,0,0,0,0,0,2
Maine,2014,1,0,4,0,0,1,2,0,0,0,1,0,0,1
Maryland,2014,6,9,7,6,3,3,5,5,7,3,1,0,1,3
Massachusetts,2014,13,10,7,7,6,9,5,4,11,5,1,3,1,6
Michigan,2014,4,3,1,3,0,2,4,0,1,0,0,0,0,0
Minnesota,2014,2,1,6,0,0,3,5,0,6,0,1,0,1,8
Mississippi,2014,0,0,1,0,0,1,3,0,0,0,0,0,0,0
Missouri,2014,0,0,2,0,0,0,5,0,0,0,1,0,0,0
Montana,2014,0,0,0,0,0,1,2,0,0,0,0,0,0,1
Nebraska,2014,0,3,1,2,0,3,5,0,0,1,1,2,1,3
Nevada,2014,0,0,3,0,1,2,5,0,0,0,0,0,0,0
New Hampshire,2014,1,0,0,0,0,0,1,0,3,0,0,0,0,1
New Jersey,2014,7,10,4,5,2,7,7,5,6,1,1,3,1,5
New Mexico,2014,0,0,1,0,0,3,4,0,0,0,1,0,1,0
New York,2014,4,7,8,8,2,6,6,8,2,2,1,3,1,6
North Carolina,2014,1,2,1,4,0,3,5,0,4,0,0,0,0,1
North Dakota,2014,0,0,5,0,0,2,4,0,0,2,1,0,0,0
Ohio,2014,0,3,3,0,0,1,4,0,0,2,1,0,0,1
Oklahoma,2014,0,1,1,0,0,2,4,0,0,0,0,0,0,1
Oregon,2014,4,2,4,6,0,1,4,0,0,0,1,0,1,0
Pennsylvania,2014,8,3,4,6,0,1,5,0,1,1,0,0,0,4
Rhode Island,2014,7,9,3,9,2,3,3,0,4,0,1,0,1,0
South Carolina,2014,0,0,3,0,0,5,4,0,0,0,0,0,0,0
South Dakota,2014,0,0,1,0,0,0,3,0,0,0,0,0,0,1
Tennessee,2014,3,1,4,0,0,5,3,0,0,0,0,0,0,5
Texas,2014,0,1,1,0,0,5,4,0,4,0,0,0,0,2
Utah,2014,0,0,3,0,0,2,3,0,0,2,0,0,0,1
Vermont,2014,1,0,0,0,0,0,0,0,0,0,1,0,1,0
Virginia,2014,0,0,4,0,0,1,4,0,0,2,1,0,0,0
Washington,2014,6,3,4,11,1,2,5,0,0,0,1,0,0,4
West Virginia,2014,1,2,6,0,2,1,5,0,0,0,0,0,0,4
Wisconsin,2014,0,2,5,0,0,2,5,0,2,0,1,0,1,1
Wyoming,2014,0,0,1,0,0,3,3,0,0,0,1,0,1,0
Alabama,2015,1,0,3,0,0,0,4,0,0,0,0,0,0,2
Alaska,2015,0,1,1,0,0,1,1,0,0,0,0,0,0,0
Arizona,2015,0,0,4,0,0,1,3,0,0,0,0,0,0,2
Arkansas,2015,0,0,3,0,0,2,5,0,0,0,1,0,0,0
California,2015,13,11,7,11,4,5,6,7,9,6,1,2,1,7
Colorado,2015,1,0,1,9,0,2,5,1,0,2,1,0,0,4
Connecticut,2015,11,8,8,10,5,7,4,7,5,2,1,3,1,6
Delaware,2015,4,2,6,8,1,1,4,0,4,2,1,0,0,2
Florida,2015,1,1,1,0,1,8,3,0,3,2,0,0,0,1
Georgia,2015,0,0,1,0,0,1,4,0,0,0,0,0,0,0
Hawaii,2015,8,15,9,6,1,5,6,0,5,0,1,3,1,8
Idaho,2015,0,0,0,0,0,1,4,0,0,0,1,0,0,0
Illinois,2015,4,6,6,9,3,6,5,0,3,2,1,1,1,6
Indiana,2015,1,0,0,0,0,3,4,0,0,1,0,0,0,1
Iowa,2015,0,4,1,3,2,2,5,0,2,0,1,0,1,3
Kansas,2015,0,0,4,0,0,0,3,0,0,0,0,0,0,0
Kentucky,2015,0,0,1,0,0,1,5,0,0,0,0,0,0,0
Louisiana,2015,0,1,0,0,0,3,5,0,0,0,0,0,0,2
Maine,2015,1,0,4,0,0,1,1,0,0,0,1,0,0,3
Maryland,2015,6,9,7,6,3,3,5,5,7,2,1,0,1,3
Massachusetts,2015,13,10,7,7,6,9,5,4,11,5,1,3,1,6
Michigan,2015,4,3,1,3,0,2,5,0,1,0,0,0,0,0
Minnesota,2015,2,1,6,0,0,3,5,0,6,2,1,0,1,8
Mississippi,2015,0,0,1,0,0,1,3,0,0,0,0,0,0,0
Missouri,2015,0,0,2,0,0,0,5,0,0,0,1,0,0,0
Montana,2015,0,0,0,0,0,1,2,0,0,0,0,0,0,1
Nebraska,2015,0,3,1,2,0,3,5,0,0,1,1,2,1,3
Nevada,2015,0,0,5,0,1,2,5,0,0,0,0,0,0,2
New Hampshire,2015,1,0,0,0,0,0,1,0,3,0,0,0,0,1
New Jersey,2015,7,10,4,5,2,7,7,5,6,1,1,3,1,5
New Mexico,2015,0,0,1,0,0,3,4,0,0,0,1,0,1,0
New York,2015,4,7,8,8,2,6,6,8,2,2,1,3,1,6
North Carolina,2015,1,2,1,4,0,3,5,0,4,0,0,0,0,1
North Dakota,2015,0,0,5,0,0,2,4,0,0,2,1,0,0,0
Ohio,2015,0,3,3,0,0,1,5,0,0,2,1,0,0,1
Oklahoma,2015,0,1,1,0,0,2,4,0,0,0,0,0,0,1
Oregon,2015,8,2,5,10,0,1,4,0,0,0,1,0,1,0
Pennsylvania,2015,8,3,4,6,0,1,5,0,1,1,0,0,0,4
Rhode Island,2015,7,9,3,9,2,3,3,0,4,0,1,0,1,0
South Carolina,2015,0,0,3,0,0,5,4,0,0,0,0,0,0,0
South Dakota,2015,0,0,1,0,0,0,3,0,0,0,0,0,0,1
Tennessee,2015,3,1,4,0,0,5,3,0,0,0,0,0,0,5
Texas,2015,0,1,1,0,0,5,4,0,4,0,0,0,0,2
Utah,2015,0,0,3,0,0,2,3,0,0,2,0,0,0,1
Vermont,2015,1,0,0,0,0,0,0,0,0,0,1,0,1,2
Virginia,2015,0,0,4,0,0,1,4,0,0,2,1,0,0,0
Washington,2015,6,3,4,11,1,2,5,0,0,0,1,0,0,4
West Virginia,2015,1,2,6,0,2,1,5,0,0,0,0,0,0,4
Wisconsin,2015,0,1,5,0,0,2,5,0,2,0,1,0,1,1
Wyoming,2015,0,0,1,0,0,3,3,0,0,0,1,0,1,0
Alabama,2016,1,0,3,0,0,0,4,0,0,0,0,0,0,2
Alaska,2016,0,1,1,0,0,1,1,0,0,0,0,0,0,0
Arizona,2016,0,0,4,0,0,1,3,0,0,0,0,0,0,2
Arkansas,2016,0,0,3,0,0,2,5,0,0,0,1,0,0,0
California,2016,13,11,7,11,4,7,6,7,9,6,1,2,1,7
Colorado,2016,1,0,1,9,0,2,5,1,0,2,1,0,0,4
Connecticut,2016,11,8,8,10,5,7,4,7,5,2,1,3,1,6
Delaware,2016,4,2,6,9,1,1,4,0,4,2,1,0,0,2
Florida,2016,1,1,1,0,1,8,3,0,3,2,0,0,0,1
Georgia,2016,0,0,1,0,0,1,4,0,0,0,0,0,0,0
Hawaii,2016,8,15,9,6,1,5,6,0,5,0,1,3,1,8
Idaho,2016,0,0,0,0,0,1,2,0,0,0,1,0,0,0
Illinois,2016,4,6,6,9,3,6,5,0,3,2,1,1,1,6
Indiana,2016,1,0,0,0,0,3,4,0,0,1,0,0,0,2
Iowa,2016,0,4,1,3,2,2,5,0,2,0,1,0,1,3
Kansas,2016,0,0,4,0,0,0,3,0,0,0,0,0,0,0
Kentucky,2016,0,0,1,0,0,1,5,0,0,0,0,0,0,0
Louisiana,2016,0,1,0,0,0,3,5,0,0,0,0,0,0,2
Maine,2016,1,0,4,0,0,1,1,0,0,0,1,0,0,3
Maryland,2016,6,9,7,6,3,3,5,5,7,2,1,0,1,3
Massachusetts,2016,13,10,7,7,6,9,5,4,11,5,1,3,1,6
Michigan,2016,4,3,1,3,0,2,5,0,1,0,0,0,0,0
Minnesota,2016,2,1,6,0,0,3,5,0,6,2,1,0,1,8
Mississippi,2016,0,0,1,0,0,1,3,0,0,0,0,0,0,0
Missouri,2016,0,0,2,0,0,0,5,0,0,0,0,0,0,0
Montana,2016,0,0,0,0,0,1,2,0,0,0,0,0,0,1
Nebraska,2016,0,3,1,2,0,3,5,0,0,1,1,2,1,3
Nevada,2016,0,0,5,0,1,2,5,0,0,0,0,0,0,2
New Hampshire,2016,1,0,0,0,0,0,1,0,3,0,0,0,0,1
New Jersey,2016,7,10,4,5,2,7,7,5,6,1,1,3,1,5
New Mexico,2016,0,0,1,0,0,3,4,0,0,0,1,0,1,0
New York,2016,4,7,8,8,2,6,6,8,2,2,1,3,1,6
North Carolina,2016,1,2,1,4,0,3,5,0,4,0,0,0,0,1
North Dakota,2016,0,0,5,0,0,2,4,0,0,2,1,0,0,0
Ohio,2016,0,3,3,0,0,1,5,0,0,2,1,0,0,1
Oklahoma,2016,0,1,1,0,0,2,4,0,0,0,0,0,0,1
Oregon,2016,8,2,5,10,0,1,4,0,0,0,1,0,1,2
Pennsylvania,2016,8,3,4,6,0,1,5,0,1,1,0,0,0,4
Rhode Island,2016,7,9,3,9,2,3,3,0,4,0,1,0,1,0
South Carolina,2016,0,0,3,0,0,5,4,0,0,0,0,0,0,0
South Dakota,2016,0,0,1,0,0,0,3,0,0,0,0,0,0,1
Tennessee,2016,3,1,4,0,0,3,3,0,0,0,0,0,0,5
Texas,2016,0,1,1,0,0,3,4,0,4,0,0,0,0,2
Utah,2016,0,0,3,0,0,2,3,0,0,2,0,0,0,1
Vermont,2016,1,0,0,0,0,0,0,0,0,0,1,0,1,2
Virginia,2016,0,0,4,0,0,1,4,0,0,2,1,0,0,1
Washington,2016,6,3,4,11,1,4,5,0,0,0,1,0,0,4
West Virginia,2016,1,2,6,0,2,0,3,0,0,0,0,0,0,4
Wisconsin,2016,0,1,5,0,0,2,5,0,2,0,1,0,1,1
Wyoming,2016,0,0,1,0,0,3,3,0,0,0,1,0,1,0
